student_id,student_name,attendance_pct,assessment_1,assessment_2,assessment_3,assessment_4,engagement_pct,assignments_submitted,assignments_total,assessment_avg,submission_pct,risk_score,risk_level
S1001,Alicia Tan,92,88,90,95,86,92,4,4,89.75,100.0,7.6,Low
S1002,Benjamin Lim,78,72,68,75,70,76,3,4,71.25,75.0,25.2,Low
S1003,Cheryl Wong,68,55,48,52,45,50,2,4,50.0,50.0,44.6,Medium
S1004,Daniel Lee,96,94,91,93,95,94,4,4,93.25,100.0,4.8,Low
S1005,Ethan Ng,84,81,79,82,77,80,4,4,79.75,100.0,15.9,Low
S1006,Farah Ahmad,61,58,46,44,39,42,2,4,46.75,50.0,49.4,Medium
S1007,Gavin Koh,89,85,84,86,82,87,4,4,84.25,100.0,11.4,Low
S1008,Hannah Chua,74,69,63,65,60,64,3,4,64.25,75.0,31.3,Low
S1009,Isaac Goh,52,45,38,35,32,30,1,4,37.5,25.0,61.5,High
S1010,Jasmine Teo,91,87,89,90,88,91,4,4,88.5,100.0,8.5,Low
S1011,Kevin Tan,81,76,73,78,71,74,3,4,74.5,75.0,23.6,Low
S1012,Leona Ho,66,62,57,59,51,54,2,4,57.25,50.0,41.9,Medium
S1013,Marcus Yeo,95,91,94,96,92,95,4,4,93.25,100.0,4.9,Low
S1014,Nur Aisyah,72,65,58,61,55,57,3,4,59.75,75.0,34.8,Low
S1015,Oliver Chan,58,52,44,47,40,43,2,4,45.75,50.0,50.5,Medium
S1016,Priya Nair,87,83,81,84,79,82,4,4,81.75,100.0,13.9,Low
S1017,Ryan Ong,76,70,67,69,62,65,3,4,67.0,75.0,29.5,Low
S1018,Sophia Lim,93,90,92,94,89,93,4,4,91.25,100.0,6.6,Low
S1019,Thomas Koh,63,57,49,51,46,48,2,4,50.75,50.0,46.2,Medium
S1020,Vanessa Low,85,80,78,81,76,79,4,4,78.75,100.0,16.1,Low
